<?xml version="1.0" encoding="UTF-8"?>
<root>
 <site name="TSV-Schnait" state="1" siteResourcesPackageKey="tsv.schnait" siteNodeName="tsv-schnait">
  <nodes formatVersion="2.0">
   <node nodeName="tsv-schnait">
    <variant workspace="live" nodeType="tsv.schnait:Document.Page" sortingIndex="100" version="1" removed="" hidden="" hiddenInIndex="">
     <dimensions>
     
     </dimensions>
     <accessRoles __type="array"/>
     <properties>
      <title __type="string">Home</title>
      <uriPathSegment __type="string">home</uriPathSegment>
     </properties>
    </variant>
    <node nodeName="main">
     <variant workspace="live" nodeType="Neos.Neos:ContentCollection" sortingIndex="100" version="1" removed="" hidden="" hiddenInIndex="">
      <dimensions>
      
      </dimensions>
      <accessRoles __type="array"/>
     </variant>
    </node>
   </node>
  </nodes>
 </site>
</root>
